<?xml version="1.0" encoding="utf-8"?>
<IRP_Roadef_Challenge_Output xmlns:xsi="http://www.w3.org/2001/XMLSchema-instance" xmlns:xsd="http://www.w3.org/2001/XMLSchema">
  <Shifts>
    <IRP_Roadef_Challenge_Shift_>
      <index>0</index>
      <driver>1</driver>
      <trailer>1</trailer>
      <start>374</start>
      <operations>
        <IRP_Roadef_Challenge_Operation_>
          <point>2</point>
          <arrival>617</arrival>
          <Quantity>23000</Quantity>
        </IRP_Roadef_Challenge_Operation_>
        <IRP_Roadef_Challenge_Operation_>
          <point>1</point>
          <arrival>890</arrival>
          <Quantity>-23000</Quantity>
        </IRP_Roadef_Challenge_Operation_>
        <IRP_Roadef_Challenge_Operation_>
          <point>4</point>
          <arrival>1075</arrival>
          <Quantity>4791</Quantity>
        </IRP_Roadef_Challenge_Operation_>
      </operations>
    </IRP_Roadef_Challenge_Shift_>
    <IRP_Roadef_Challenge_Shift_>
      <index>1</index>
      <driver>0</driver>
      <trailer>0</trailer>
      <start>380</start>
      <operations>
        <IRP_Roadef_Challenge_Operation_>
          <point>3</point>
          <arrival>709</arrival>
          <Quantity>23000</Quantity>
        </IRP_Roadef_Challenge_Operation_>
        <IRP_Roadef_Challenge_Operation_>
          <point>1</point>
          <arrival>1068</arrival>
          <Quantity>-23000</Quantity>
        </IRP_Roadef_Challenge_Operation_>
        <IRP_Roadef_Challenge_Operation_>
          <point>8</point>
          <arrival>1134</arrival>
          <Quantity>4297</Quantity>
        </IRP_Roadef_Challenge_Operation_>
      </operations>
    </IRP_Roadef_Challenge_Shift_>
    <IRP_Roadef_Challenge_Shift_>
      <index>2</index>
      <driver>0</driver>
      <trailer>0</trailer>
      <start>1800</start>
      <operations>
        <IRP_Roadef_Challenge_Operation_>
          <point>1</point>
          <arrival>1800</arrival>
          <Quantity>-4297</Quantity>
        </IRP_Roadef_Challenge_Operation_>
        <IRP_Roadef_Challenge_Operation_>
          <point>3</point>
          <arrival>2159</arrival>
          <Quantity>23000</Quantity>
        </IRP_Roadef_Challenge_Operation_>
      </operations>
    </IRP_Roadef_Challenge_Shift_>
    <IRP_Roadef_Challenge_Shift_>
      <index>3</index>
      <driver>1</driver>
      <trailer>1</trailer>
      <start>2004</start>
      <operations>
        <IRP_Roadef_Challenge_Operation_>
          <point>1</point>
          <arrival>2004</arrival>
          <Quantity>-4791</Quantity>
        </IRP_Roadef_Challenge_Operation_>
        <IRP_Roadef_Challenge_Operation_>
          <point>13</point>
          <arrival>2091</arrival>
          <Quantity>5095</Quantity>
        </IRP_Roadef_Challenge_Operation_>
        <IRP_Roadef_Challenge_Operation_>
          <point>6</point>
          <arrival>2151</arrival>
          <Quantity>3930</Quantity>
        </IRP_Roadef_Challenge_Operation_>
        <IRP_Roadef_Challenge_Operation_>
          <point>9</point>
          <arrival>2341</arrival>
          <Quantity>6775</Quantity>
        </IRP_Roadef_Challenge_Operation_>
        <IRP_Roadef_Challenge_Operation_>
          <point>5</point>
          <arrival>2482</arrival>
          <Quantity>7200</Quantity>
        </IRP_Roadef_Challenge_Operation_>
      </operations>
    </IRP_Roadef_Challenge_Shift_>
    <IRP_Roadef_Challenge_Shift_>
      <index>4</index>
      <driver>0</driver>
      <trailer>0</trailer>
      <start>3240</start>
      <operations>
        <IRP_Roadef_Challenge_Operation_>
          <point>1</point>
          <arrival>3240</arrival>
          <Quantity>-23000</Quantity>
        </IRP_Roadef_Challenge_Operation_>
        <IRP_Roadef_Challenge_Operation_>
          <point>13</point>
          <arrival>3327</arrival>
          <Quantity>8181</Quantity>
        </IRP_Roadef_Challenge_Operation_>
        <IRP_Roadef_Challenge_Operation_>
          <point>6</point>
          <arrival>3387</arrival>
          <Quantity>1056</Quantity>
        </IRP_Roadef_Challenge_Operation_>
        <IRP_Roadef_Challenge_Operation_>
          <point>12</point>
          <arrival>3558</arrival>
          <Quantity>13763</Quantity>
        </IRP_Roadef_Challenge_Operation_>
        <IRP_Roadef_Challenge_Operation_>
          <point>1</point>
          <arrival>3750</arrival>
          <Quantity>-23000</Quantity>
        </IRP_Roadef_Challenge_Operation_>
      </operations>
    </IRP_Roadef_Challenge_Shift_>
    <IRP_Roadef_Challenge_Shift_>
      <index>5</index>
      <driver>1</driver>
      <trailer>1</trailer>
      <start>3284</start>
      <operations>
        <IRP_Roadef_Challenge_Operation_>
          <point>1</point>
          <arrival>3284</arrival>
          <Quantity>-23000</Quantity>
        </IRP_Roadef_Challenge_Operation_>
        <IRP_Roadef_Challenge_Operation_>
          <point>3</point>
          <arrival>3643</arrival>
          <Quantity>23000</Quantity>
        </IRP_Roadef_Challenge_Operation_>
      </operations>
    </IRP_Roadef_Challenge_Shift_>
    <IRP_Roadef_Challenge_Shift_>
      <index>6</index>
      <driver>1</driver>
      <trailer>1</trailer>
      <start>4811</start>
      <operations>
        <IRP_Roadef_Challenge_Operation_>
          <point>1</point>
          <arrival>4811</arrival>
          <Quantity>-23000</Quantity>
        </IRP_Roadef_Challenge_Operation_>
        <IRP_Roadef_Challenge_Operation_>
          <point>11</point>
          <arrival>5149</arrival>
          <Quantity>19682</Quantity>
        </IRP_Roadef_Challenge_Operation_>
        <IRP_Roadef_Challenge_Operation_>
          <point>10</point>
          <arrival>5306</arrival>
          <Quantity>3318</Quantity>
        </IRP_Roadef_Challenge_Operation_>
      </operations>
    </IRP_Roadef_Challenge_Shift_>
    <IRP_Roadef_Challenge_Shift_>
      <index>7</index>
      <driver>0</driver>
      <trailer>0</trailer>
      <start>4832</start>
      <operations>
        <IRP_Roadef_Challenge_Operation_>
          <point>3</point>
          <arrival>5161</arrival>
          <Quantity>23000</Quantity>
        </IRP_Roadef_Challenge_Operation_>
      </operations>
    </IRP_Roadef_Challenge_Shift_>
    <IRP_Roadef_Challenge_Shift_>
      <index>8</index>
      <driver>1</driver>
      <trailer>1</trailer>
      <start>6120</start>
      <operations>
        <IRP_Roadef_Challenge_Operation_>
          <point>1</point>
          <arrival>6120</arrival>
          <Quantity>-23000</Quantity>
        </IRP_Roadef_Challenge_Operation_>
        <IRP_Roadef_Challenge_Operation_>
          <point>2</point>
          <arrival>6393</arrival>
          <Quantity>23000</Quantity>
        </IRP_Roadef_Challenge_Operation_>
      </operations>
    </IRP_Roadef_Challenge_Shift_>
    <IRP_Roadef_Challenge_Shift_>
      <index>9</index>
      <driver>0</driver>
      <trailer>0</trailer>
      <start>6120</start>
      <operations>
        <IRP_Roadef_Challenge_Operation_>
          <point>1</point>
          <arrival>6120</arrival>
          <Quantity>-23000</Quantity>
        </IRP_Roadef_Challenge_Operation_>
        <IRP_Roadef_Challenge_Operation_>
          <point>3</point>
          <arrival>6479</arrival>
          <Quantity>23000</Quantity>
        </IRP_Roadef_Challenge_Operation_>
        <IRP_Roadef_Challenge_Operation_>
          <point>1</point>
          <arrival>6838</arrival>
          <Quantity>-23000</Quantity>
        </IRP_Roadef_Challenge_Operation_>
      </operations>
    </IRP_Roadef_Challenge_Shift_>
    <IRP_Roadef_Challenge_Shift_>
      <index>10</index>
      <driver>1</driver>
      <trailer>1</trailer>
      <start>7920</start>
      <operations>
        <IRP_Roadef_Challenge_Operation_>
          <point>1</point>
          <arrival>7920</arrival>
          <Quantity>-23000</Quantity>
        </IRP_Roadef_Challenge_Operation_>
        <IRP_Roadef_Challenge_Operation_>
          <point>6</point>
          <arrival>8024</arrival>
          <Quantity>3168</Quantity>
        </IRP_Roadef_Challenge_Operation_>
      </operations>
    </IRP_Roadef_Challenge_Shift_>
    <IRP_Roadef_Challenge_Shift_>
      <index>11</index>
      <driver>0</driver>
      <trailer>0</trailer>
      <start>7920</start>
      <operations>
        <IRP_Roadef_Challenge_Operation_>
          <point>12</point>
          <arrival>8082</arrival>
          <Quantity>23000</Quantity>
        </IRP_Roadef_Challenge_Operation_>
        <IRP_Roadef_Challenge_Operation_>
          <point>1</point>
          <arrival>8274</arrival>
          <Quantity>-23000</Quantity>
        </IRP_Roadef_Challenge_Operation_>
      </operations>
    </IRP_Roadef_Challenge_Shift_>
    <IRP_Roadef_Challenge_Shift_>
      <index>12</index>
      <driver>0</driver>
      <trailer>0</trailer>
      <start>9000</start>
      <operations>
        <IRP_Roadef_Challenge_Operation_>
          <point>3</point>
          <arrival>9329</arrival>
          <Quantity>23000</Quantity>
        </IRP_Roadef_Challenge_Operation_>
      </operations>
    </IRP_Roadef_Challenge_Shift_>
    <IRP_Roadef_Challenge_Shift_>
      <index>13</index>
      <driver>0</driver>
      <trailer>0</trailer>
      <start>10440</start>
      <operations>
        <IRP_Roadef_Challenge_Operation_>
          <point>1</point>
          <arrival>10440</arrival>
          <Quantity>-23000</Quantity>
        </IRP_Roadef_Challenge_Operation_>
        <IRP_Roadef_Challenge_Operation_>
          <point>2</point>
          <arrival>10713</arrival>
          <Quantity>23000</Quantity>
        </IRP_Roadef_Challenge_Operation_>
      </operations>
    </IRP_Roadef_Challenge_Shift_>
    <IRP_Roadef_Challenge_Shift_>
      <index>14</index>
      <driver>1</driver>
      <trailer>1</trailer>
      <start>11880</start>
      <operations>
        <IRP_Roadef_Challenge_Operation_>
          <point>9</point>
          <arrival>11982</arrival>
          <Quantity>7360</Quantity>
        </IRP_Roadef_Challenge_Operation_>
        <IRP_Roadef_Challenge_Operation_>
          <point>4</point>
          <arrival>12091</arrival>
          <Quantity>4728</Quantity>
        </IRP_Roadef_Challenge_Operation_>
      </operations>
    </IRP_Roadef_Challenge_Shift_>
    <IRP_Roadef_Challenge_Shift_>
      <index>15</index>
      <driver>0</driver>
      <trailer>0</trailer>
      <start>12002</start>
      <operations>
        <IRP_Roadef_Challenge_Operation_>
          <point>1</point>
          <arrival>12002</arrival>
          <Quantity>-23000</Quantity>
        </IRP_Roadef_Challenge_Operation_>
        <IRP_Roadef_Challenge_Operation_>
          <point>3</point>
          <arrival>12361</arrival>
          <Quantity>23000</Quantity>
        </IRP_Roadef_Challenge_Operation_>
      </operations>
    </IRP_Roadef_Challenge_Shift_>
    <IRP_Roadef_Challenge_Shift_>
      <index>16</index>
      <driver>1</driver>
      <trailer>1</trailer>
      <start>13320</start>
      <operations>
        <IRP_Roadef_Challenge_Operation_>
          <point>1</point>
          <arrival>13320</arrival>
          <Quantity>-15256</Quantity>
        </IRP_Roadef_Challenge_Operation_>
        <IRP_Roadef_Challenge_Operation_>
          <point>2</point>
          <arrival>13593</arrival>
          <Quantity>20840</Quantity>
        </IRP_Roadef_Challenge_Operation_>
      </operations>
    </IRP_Roadef_Challenge_Shift_>
    <IRP_Roadef_Challenge_Shift_>
      <index>17</index>
      <driver>0</driver>
      <trailer>0</trailer>
      <start>13320</start>
      <operations>
        <IRP_Roadef_Challenge_Operation_>
          <point>1</point>
          <arrival>13320</arrival>
          <Quantity>-23000</Quantity>
        </IRP_Roadef_Challenge_Operation_>
        <IRP_Roadef_Challenge_Operation_>
          <point>13</point>
          <arrival>13407</arrival>
          <Quantity>8932</Quantity>
        </IRP_Roadef_Challenge_Operation_>
        <IRP_Roadef_Challenge_Operation_>
          <point>6</point>
          <arrival>13467</arrival>
          <Quantity>4224</Quantity>
        </IRP_Roadef_Challenge_Operation_>
        <IRP_Roadef_Challenge_Operation_>
          <point>10</point>
          <arrival>13727</arrival>
          <Quantity>9844</Quantity>
        </IRP_Roadef_Challenge_Operation_>
      </operations>
    </IRP_Roadef_Challenge_Shift_>
    <IRP_Roadef_Challenge_Shift_>
      <index>18</index>
      <driver>1</driver>
      <trailer>1</trailer>
      <start>14760</start>
      <operations>
        <IRP_Roadef_Challenge_Operation_>
          <point>1</point>
          <arrival>14760</arrival>
          <Quantity>-20840</Quantity>
        </IRP_Roadef_Challenge_Operation_>
      </operations>
    </IRP_Roadef_Challenge_Shift_>
    <IRP_Roadef_Challenge_Shift_>
      <index>19</index>
      <driver>0</driver>
      <trailer>0</trailer>
      <start>14942</start>
      <operations>
        <IRP_Roadef_Challenge_Operation_>
          <point>1</point>
          <arrival>14942</arrival>
          <Quantity>-23000</Quantity>
        </IRP_Roadef_Challenge_Operation_>
        <IRP_Roadef_Challenge_Operation_>
          <point>3</point>
          <arrival>15301</arrival>
          <Quantity>23000</Quantity>
        </IRP_Roadef_Challenge_Operation_>
      </operations>
    </IRP_Roadef_Challenge_Shift_>
    <IRP_Roadef_Challenge_Shift_>
      <index>20</index>
      <driver>0</driver>
      <trailer>0</trailer>
      <start>16560</start>
      <operations>
        <IRP_Roadef_Challenge_Operation_>
          <point>1</point>
          <arrival>16560</arrival>
          <Quantity>-23000</Quantity>
        </IRP_Roadef_Challenge_Operation_>
        <IRP_Roadef_Challenge_Operation_>
          <point>6</point>
          <arrival>16664</arrival>
          <Quantity>2112</Quantity>
        </IRP_Roadef_Challenge_Operation_>
        <IRP_Roadef_Challenge_Operation_>
          <point>12</point>
          <arrival>16835</arrival>
          <Quantity>19419</Quantity>
        </IRP_Roadef_Challenge_Operation_>
      </operations>
    </IRP_Roadef_Challenge_Shift_>
    <IRP_Roadef_Challenge_Shift_>
      <index>21</index>
      <driver>1</driver>
      <trailer>1</trailer>
      <start>17701</start>
      <operations>
        <IRP_Roadef_Challenge_Operation_>
          <point>3</point>
          <arrival>18030</arrival>
          <Quantity>23000</Quantity>
        </IRP_Roadef_Challenge_Operation_>
      </operations>
    </IRP_Roadef_Challenge_Shift_>
    <IRP_Roadef_Challenge_Shift_>
      <index>22</index>
      <driver>0</driver>
      <trailer>0</trailer>
      <start>17792</start>
      <operations>
        <IRP_Roadef_Challenge_Operation_>
          <point>1</point>
          <arrival>17792</arrival>
          <Quantity>-21531</Quantity>
        </IRP_Roadef_Challenge_Operation_>
        <IRP_Roadef_Challenge_Operation_>
          <point>3</point>
          <arrival>18151</arrival>
          <Quantity>23000</Quantity>
        </IRP_Roadef_Challenge_Operation_>
        <IRP_Roadef_Challenge_Operation_>
          <point>1</point>
          <arrival>18510</arrival>
          <Quantity>-23000</Quantity>
        </IRP_Roadef_Challenge_Operation_>
      </operations>
    </IRP_Roadef_Challenge_Shift_>
    <IRP_Roadef_Challenge_Shift_>
      <index>23</index>
      <driver>1</driver>
      <trailer>1</trailer>
      <start>19140</start>
      <operations>
        <IRP_Roadef_Challenge_Operation_>
          <point>1</point>
          <arrival>19140</arrival>
          <Quantity>-23000</Quantity>
        </IRP_Roadef_Challenge_Operation_>
        <IRP_Roadef_Challenge_Operation_>
          <point>6</point>
          <arrival>19244</arrival>
          <Quantity>2112</Quantity>
        </IRP_Roadef_Challenge_Operation_>
        <IRP_Roadef_Challenge_Operation_>
          <point>1</point>
          <arrival>19348</arrival>
          <Quantity>-2112</Quantity>
        </IRP_Roadef_Challenge_Operation_>
      </operations>
    </IRP_Roadef_Challenge_Shift_>
    <IRP_Roadef_Challenge_Shift_>
      <index>24</index>
      <driver>0</driver>
      <trailer>0</trailer>
      <start>19232</start>
      <operations>
        <IRP_Roadef_Challenge_Operation_>
          <point>3</point>
          <arrival>19561</arrival>
          <Quantity>23000</Quantity>
        </IRP_Roadef_Challenge_Operation_>
      </operations>
    </IRP_Roadef_Challenge_Shift_>
    <IRP_Roadef_Challenge_Shift_>
      <index>25</index>
      <driver>1</driver>
      <trailer>1</trailer>
      <start>20520</start>
      <operations>
        <IRP_Roadef_Challenge_Operation_>
          <point>3</point>
          <arrival>20849</arrival>
          <Quantity>23000</Quantity>
        </IRP_Roadef_Challenge_Operation_>
        <IRP_Roadef_Challenge_Operation_>
          <point>1</point>
          <arrival>21208</arrival>
          <Quantity>-23000</Quantity>
        </IRP_Roadef_Challenge_Operation_>
      </operations>
    </IRP_Roadef_Challenge_Shift_>
    <IRP_Roadef_Challenge_Shift_>
      <index>26</index>
      <driver>0</driver>
      <trailer>0</trailer>
      <start>20520</start>
      <operations>
        <IRP_Roadef_Challenge_Operation_>
          <point>1</point>
          <arrival>20520</arrival>
          <Quantity>-23000</Quantity>
        </IRP_Roadef_Challenge_Operation_>
        <IRP_Roadef_Challenge_Operation_>
          <point>3</point>
          <arrival>20879</arrival>
          <Quantity>23000</Quantity>
        </IRP_Roadef_Challenge_Operation_>
        <IRP_Roadef_Challenge_Operation_>
          <point>1</point>
          <arrival>21238</arrival>
          <Quantity>-23000</Quantity>
        </IRP_Roadef_Challenge_Operation_>
        <IRP_Roadef_Challenge_Operation_>
          <point>13</point>
          <arrival>21325</arrival>
          <Quantity>6380</Quantity>
        </IRP_Roadef_Challenge_Operation_>
      </operations>
    </IRP_Roadef_Challenge_Shift_>
    <IRP_Roadef_Challenge_Shift_>
      <index>27</index>
      <driver>1</driver>
      <trailer>1</trailer>
      <start>21960</start>
      <operations>
        <IRP_Roadef_Challenge_Operation_>
          <point>4</point>
          <arrival>22115</arrival>
          <Quantity>4137</Quantity>
        </IRP_Roadef_Challenge_Operation_>
        <IRP_Roadef_Challenge_Operation_>
          <point>1</point>
          <arrival>22300</arrival>
          <Quantity>-4137</Quantity>
        </IRP_Roadef_Challenge_Operation_>
      </operations>
    </IRP_Roadef_Challenge_Shift_>
    <IRP_Roadef_Challenge_Shift_>
      <index>28</index>
      <driver>0</driver>
      <trailer>0</trailer>
      <start>22012</start>
      <operations>
        <IRP_Roadef_Challenge_Operation_>
          <point>1</point>
          <arrival>22012</arrival>
          <Quantity>-6380</Quantity>
        </IRP_Roadef_Challenge_Operation_>
        <IRP_Roadef_Challenge_Operation_>
          <point>2</point>
          <arrival>22285</arrival>
          <Quantity>23000</Quantity>
        </IRP_Roadef_Challenge_Operation_>
      </operations>
    </IRP_Roadef_Challenge_Shift_>
    <IRP_Roadef_Challenge_Shift_>
      <index>29</index>
      <driver>0</driver>
      <trailer>0</trailer>
      <start>23582</start>
      <operations>
        <IRP_Roadef_Challenge_Operation_>
          <point>1</point>
          <arrival>23582</arrival>
          <Quantity>-23000</Quantity>
        </IRP_Roadef_Challenge_Operation_>
        <IRP_Roadef_Challenge_Operation_>
          <point>3</point>
          <arrival>23941</arrival>
          <Quantity>23000</Quantity>
        </IRP_Roadef_Challenge_Operation_>
      </operations>
    </IRP_Roadef_Challenge_Shift_>
    <IRP_Roadef_Challenge_Shift_>
      <index>30</index>
      <driver>1</driver>
      <trailer>1</trailer>
      <start>23760</start>
      <operations>
        <IRP_Roadef_Challenge_Operation_>
          <point>6</point>
          <arrival>23834</arrival>
          <Quantity>3168</Quantity>
        </IRP_Roadef_Challenge_Operation_>
        <IRP_Roadef_Challenge_Operation_>
          <point>12</point>
          <arrival>24005</arrival>
          <Quantity>15070</Quantity>
        </IRP_Roadef_Challenge_Operation_>
      </operations>
    </IRP_Roadef_Challenge_Shift_>
    <IRP_Roadef_Challenge_Shift_>
      <index>31</index>
      <driver>0</driver>
      <trailer>0</trailer>
      <start>25200</start>
      <operations>
        <IRP_Roadef_Challenge_Operation_>
          <point>1</point>
          <arrival>25200</arrival>
          <Quantity>-23000</Quantity>
        </IRP_Roadef_Challenge_Operation_>
      </operations>
    </IRP_Roadef_Challenge_Shift_>
    <IRP_Roadef_Challenge_Shift_>
      <index>32</index>
      <driver>1</driver>
      <trailer>1</trailer>
      <start>25200</start>
      <operations>
        <IRP_Roadef_Challenge_Operation_>
          <point>1</point>
          <arrival>25200</arrival>
          <Quantity>-18238</Quantity>
        </IRP_Roadef_Challenge_Operation_>
        <IRP_Roadef_Challenge_Operation_>
          <point>9</point>
          <arrival>25332</arrival>
          <Quantity>6453</Quantity>
        </IRP_Roadef_Challenge_Operation_>
        <IRP_Roadef_Challenge_Operation_>
          <point>4</point>
          <arrival>25441</arrival>
          <Quantity>1182</Quantity>
        </IRP_Roadef_Challenge_Operation_>
      </operations>
    </IRP_Roadef_Challenge_Shift_>
    <IRP_Roadef_Challenge_Shift_>
      <index>33</index>
      <driver>0</driver>
      <trailer>0</trailer>
      <start>26280</start>
      <operations>
        <IRP_Roadef_Challenge_Operation_>
          <point>3</point>
          <arrival>26609</arrival>
          <Quantity>23000</Quantity>
        </IRP_Roadef_Challenge_Operation_>
      </operations>
    </IRP_Roadef_Challenge_Shift_>
    <IRP_Roadef_Challenge_Shift_>
      <index>34</index>
      <driver>1</driver>
      <trailer>1</trailer>
      <start>26640</start>
      <operations>
        <IRP_Roadef_Challenge_Operation_>
          <point>6</point>
          <arrival>26714</arrival>
          <Quantity>2112</Quantity>
        </IRP_Roadef_Challenge_Operation_>
      </operations>
    </IRP_Roadef_Challenge_Shift_>
    <IRP_Roadef_Challenge_Shift_>
      <index>35</index>
      <driver>1</driver>
      <trailer>1</trailer>
      <start>28080</start>
      <operations>
        <IRP_Roadef_Challenge_Operation_>
          <point>1</point>
          <arrival>28080</arrival>
          <Quantity>-9747</Quantity>
        </IRP_Roadef_Challenge_Operation_>
      </operations>
    </IRP_Roadef_Challenge_Shift_>
    <IRP_Roadef_Challenge_Shift_>
      <index>36</index>
      <driver>0</driver>
      <trailer>0</trailer>
      <start>28080</start>
      <operations>
        <IRP_Roadef_Challenge_Operation_>
          <point>1</point>
          <arrival>28080</arrival>
          <Quantity>-23000</Quantity>
        </IRP_Roadef_Challenge_Operation_>
      </operations>
    </IRP_Roadef_Challenge_Shift_>
    <IRP_Roadef_Challenge_Shift_>
      <index>37</index>
      <driver>1</driver>
      <trailer>1</trailer>
      <start>29160</start>
      <operations>
        <IRP_Roadef_Challenge_Operation_>
          <point>3</point>
          <arrival>29489</arrival>
          <Quantity>23000</Quantity>
        </IRP_Roadef_Challenge_Operation_>
      </operations>
    </IRP_Roadef_Challenge_Shift_>
    <IRP_Roadef_Challenge_Shift_>
      <index>38</index>
      <driver>0</driver>
      <trailer>0</trailer>
      <start>29160</start>
      <operations>
        <IRP_Roadef_Challenge_Operation_>
          <point>7</point>
          <arrival>29303</arrival>
          <Quantity>2936</Quantity>
        </IRP_Roadef_Challenge_Operation_>
        <IRP_Roadef_Challenge_Operation_>
          <point>11</point>
          <arrival>29513</arrival>
          <Quantity>17697</Quantity>
        </IRP_Roadef_Challenge_Operation_>
        <IRP_Roadef_Challenge_Operation_>
          <point>10</point>
          <arrival>29670</arrival>
          <Quantity>2367</Quantity>
        </IRP_Roadef_Challenge_Operation_>
      </operations>
    </IRP_Roadef_Challenge_Shift_>
    <IRP_Roadef_Challenge_Shift_>
      <index>39</index>
      <driver>0</driver>
      <trailer>0</trailer>
      <start>30600</start>
      <operations>
        <IRP_Roadef_Challenge_Operation_>
          <point>1</point>
          <arrival>30600</arrival>
          <Quantity>-23000</Quantity>
        </IRP_Roadef_Challenge_Operation_>
        <IRP_Roadef_Challenge_Operation_>
          <point>6</point>
          <arrival>30704</arrival>
          <Quantity>3168</Quantity>
        </IRP_Roadef_Challenge_Operation_>
        <IRP_Roadef_Challenge_Operation_>
          <point>2</point>
          <arrival>31033</arrival>
          <Quantity>19832</Quantity>
        </IRP_Roadef_Challenge_Operation_>
        <IRP_Roadef_Challenge_Operation_>
          <point>1</point>
          <arrival>31306</arrival>
          <Quantity>-23000</Quantity>
        </IRP_Roadef_Challenge_Operation_>
      </operations>
    </IRP_Roadef_Challenge_Shift_>
    <IRP_Roadef_Challenge_Shift_>
      <index>40</index>
      <driver>1</driver>
      <trailer>1</trailer>
      <start>30660</start>
      <operations>
        <IRP_Roadef_Challenge_Operation_>
          <point>1</point>
          <arrival>30660</arrival>
          <Quantity>-23000</Quantity>
        </IRP_Roadef_Challenge_Operation_>
      </operations>
    </IRP_Roadef_Challenge_Shift_>
    <IRP_Roadef_Challenge_Shift_>
      <index>41</index>
      <driver>1</driver>
      <trailer>1</trailer>
      <start>32040</start>
      <operations>
        <IRP_Roadef_Challenge_Operation_>
          <point>6</point>
          <arrival>32114</arrival>
          <Quantity>1056</Quantity>
        </IRP_Roadef_Challenge_Operation_>
        <IRP_Roadef_Challenge_Operation_>
          <point>13</point>
          <arrival>32174</arrival>
          <Quantity>10208</Quantity>
        </IRP_Roadef_Challenge_Operation_>
      </operations>
    </IRP_Roadef_Challenge_Shift_>
    <IRP_Roadef_Challenge_Shift_>
      <index>42</index>
      <driver>0</driver>
      <trailer>0</trailer>
      <start>32040</start>
      <operations>
        <IRP_Roadef_Challenge_Operation_>
          <point>3</point>
          <arrival>32369</arrival>
          <Quantity>23000</Quantity>
        </IRP_Roadef_Challenge_Operation_>
        <IRP_Roadef_Challenge_Operation_>
          <point>1</point>
          <arrival>32728</arrival>
          <Quantity>-23000</Quantity>
        </IRP_Roadef_Challenge_Operation_>
      </operations>
    </IRP_Roadef_Challenge_Shift_>
    <IRP_Roadef_Challenge_Shift_>
      <index>43</index>
      <driver>1</driver>
      <trailer>1</trailer>
      <start>33480</start>
      <operations>
        <IRP_Roadef_Challenge_Operation_>
          <point>1</point>
          <arrival>33480</arrival>
          <Quantity>-11264</Quantity>
        </IRP_Roadef_Challenge_Operation_>
        <IRP_Roadef_Challenge_Operation_>
          <point>3</point>
          <arrival>33839</arrival>
          <Quantity>23000</Quantity>
        </IRP_Roadef_Challenge_Operation_>
      </operations>
    </IRP_Roadef_Challenge_Shift_>
    <IRP_Roadef_Challenge_Shift_>
      <index>44</index>
      <driver>0</driver>
      <trailer>0</trailer>
      <start>33692</start>
      <operations>
        <IRP_Roadef_Challenge_Operation_>
          <point>3</point>
          <arrival>34021</arrival>
          <Quantity>23000</Quantity>
        </IRP_Roadef_Challenge_Operation_>
      </operations>
    </IRP_Roadef_Challenge_Shift_>
    <IRP_Roadef_Challenge_Shift_>
      <index>45</index>
      <driver>0</driver>
      <trailer>0</trailer>
      <start>35274</start>
      <operations>
        <IRP_Roadef_Challenge_Operation_>
          <point>1</point>
          <arrival>35274</arrival>
          <Quantity>-23000</Quantity>
        </IRP_Roadef_Challenge_Operation_>
        <IRP_Roadef_Challenge_Operation_>
          <point>2</point>
          <arrival>35547</arrival>
          <Quantity>23000</Quantity>
        </IRP_Roadef_Challenge_Operation_>
      </operations>
    </IRP_Roadef_Challenge_Shift_>
    <IRP_Roadef_Challenge_Shift_>
      <index>46</index>
      <driver>1</driver>
      <trailer>1</trailer>
      <start>35280</start>
      <operations>
        <IRP_Roadef_Challenge_Operation_>
          <point>1</point>
          <arrival>35280</arrival>
          <Quantity>-23000</Quantity>
        </IRP_Roadef_Challenge_Operation_>
        <IRP_Roadef_Challenge_Operation_>
          <point>4</point>
          <arrival>35465</arrival>
          <Quantity>4137</Quantity>
        </IRP_Roadef_Challenge_Operation_>
      </operations>
    </IRP_Roadef_Challenge_Shift_>
    <IRP_Roadef_Challenge_Shift_>
      <index>47</index>
      <driver>0</driver>
      <trailer>0</trailer>
      <start>36420</start>
      <operations>
        <IRP_Roadef_Challenge_Operation_>
          <point>1</point>
          <arrival>36420</arrival>
          <Quantity>-23000</Quantity>
        </IRP_Roadef_Challenge_Operation_>
      </operations>
    </IRP_Roadef_Challenge_Shift_>
    <IRP_Roadef_Challenge_Shift_>
      <index>48</index>
      <driver>1</driver>
      <trailer>1</trailer>
      <start>36720</start>
      <operations>
        <IRP_Roadef_Challenge_Operation_>
          <point>1</point>
          <arrival>36720</arrival>
          <Quantity>-4137</Quantity>
        </IRP_Roadef_Challenge_Operation_>
        <IRP_Roadef_Challenge_Operation_>
          <point>12</point>
          <arrival>36912</arrival>
          <Quantity>23000</Quantity>
        </IRP_Roadef_Challenge_Operation_>
      </operations>
    </IRP_Roadef_Challenge_Shift_>
    <IRP_Roadef_Challenge_Shift_>
      <index>49</index>
      <driver>1</driver>
      <trailer>1</trailer>
      <start>37860</start>
      <operations>
        <IRP_Roadef_Challenge_Operation_>
          <point>1</point>
          <arrival>37860</arrival>
          <Quantity>-23000</Quantity>
        </IRP_Roadef_Challenge_Operation_>
        <IRP_Roadef_Challenge_Operation_>
          <point>2</point>
          <arrival>38133</arrival>
          <Quantity>23000</Quantity>
        </IRP_Roadef_Challenge_Operation_>
        <IRP_Roadef_Challenge_Operation_>
          <point>1</point>
          <arrival>38406</arrival>
          <Quantity>-23000</Quantity>
        </IRP_Roadef_Challenge_Operation_>
      </operations>
    </IRP_Roadef_Challenge_Shift_>
    <IRP_Roadef_Challenge_Shift_>
      <index>50</index>
      <driver>0</driver>
      <trailer>0</trailer>
      <start>38160</start>
      <operations>
        <IRP_Roadef_Challenge_Operation_>
          <point>6</point>
          <arrival>38234</arrival>
          <Quantity>4224</Quantity>
        </IRP_Roadef_Challenge_Operation_>
        <IRP_Roadef_Challenge_Operation_>
          <point>1</point>
          <arrival>38338</arrival>
          <Quantity>-4224</Quantity>
        </IRP_Roadef_Challenge_Operation_>
      </operations>
    </IRP_Roadef_Challenge_Shift_>
    <IRP_Roadef_Challenge_Shift_>
      <index>51</index>
      <driver>1</driver>
      <trailer>1</trailer>
      <start>40680</start>
      <operations>
        <IRP_Roadef_Challenge_Operation_>
          <point>8</point>
          <arrival>40716</arrival>
          <Quantity>3696</Quantity>
        </IRP_Roadef_Challenge_Operation_>
        <IRP_Roadef_Challenge_Operation_>
          <point>13</point>
          <arrival>40771</arrival>
          <Quantity>7656</Quantity>
        </IRP_Roadef_Challenge_Operation_>
      </operations>
    </IRP_Roadef_Challenge_Shift_>
    <IRP_Roadef_Challenge_Shift_>
      <index>52</index>
      <driver>0</driver>
      <trailer>0</trailer>
      <start>40892</start>
      <operations>
        <IRP_Roadef_Challenge_Operation_>
          <point>3</point>
          <arrival>41221</arrival>
          <Quantity>23000</Quantity>
        </IRP_Roadef_Challenge_Operation_>
      </operations>
    </IRP_Roadef_Challenge_Shift_>
    <IRP_Roadef_Challenge_Shift_>
      <index>53</index>
      <driver>1</driver>
      <trailer>1</trailer>
      <start>42474</start>
      <operations>
        <IRP_Roadef_Challenge_Operation_>
          <point>1</point>
          <arrival>42474</arrival>
          <Quantity>-11352</Quantity>
        </IRP_Roadef_Challenge_Operation_>
        <IRP_Roadef_Challenge_Operation_>
          <point>2</point>
          <arrival>42747</arrival>
          <Quantity>23000</Quantity>
        </IRP_Roadef_Challenge_Operation_>
      </operations>
    </IRP_Roadef_Challenge_Shift_>
    <IRP_Roadef_Challenge_Shift_>
      <index>54</index>
      <driver>0</driver>
      <trailer>0</trailer>
      <start>42480</start>
      <operations>
        <IRP_Roadef_Challenge_Operation_>
          <point>1</point>
          <arrival>42480</arrival>
          <Quantity>-23000</Quantity>
        </IRP_Roadef_Challenge_Operation_>
        <IRP_Roadef_Challenge_Operation_>
          <point>12</point>
          <arrival>42672</arrival>
          <Quantity>19196</Quantity>
        </IRP_Roadef_Challenge_Operation_>
      </operations>
    </IRP_Roadef_Challenge_Shift_>
  </Shifts>
</IRP_Roadef_Challenge_Output>