<?xml version="1.0" encoding="utf-8"?>
<IRP_Roadef_Challenge_Output xmlns:xsi="http://www.w3.org/2001/XMLSchema-instance" xmlns:xsd="http://www.w3.org/2001/XMLSchema">
  <Shifts>
    <IRP_Roadef_Challenge_Shift_>
      <index>0</index>
      <driver>0</driver>
      <trailer>0</trailer>
      <start>1226</start>
      <operations>
        <IRP_Roadef_Challenge_Operation_>
          <point>45</point>
          <arrival>1409</arrival>
          <Quantity>14811.899999999718</Quantity>
        </IRP_Roadef_Challenge_Operation_>
        <IRP_Roadef_Challenge_Operation_>
          <point>41</point>
          <arrival>1578</arrival>
          <Quantity>619.60475289916928</Quantity>
        </IRP_Roadef_Challenge_Operation_>
        <IRP_Roadef_Challenge_Operation_>
          <point>23</point>
          <arrival>1632</arrival>
          <Quantity>1169.4139962768602</Quantity>
        </IRP_Roadef_Challenge_Operation_>
        <IRP_Roadef_Challenge_Operation_>
          <point>36</point>
          <arrival>1788</arrival>
          <Quantity>2679.0812508242525</Quantity>
        </IRP_Roadef_Challenge_Operation_>
      </operations>
    </IRP_Roadef_Challenge_Shift_>
    <IRP_Roadef_Challenge_Shift_>
      <index>1</index>
      <driver>0</driver>
      <trailer>0</trailer>
      <start>2678</start>
      <operations>
        <IRP_Roadef_Challenge_Operation_>
          <point>1</point>
          <arrival>2705</arrival>
          <Quantity>-22860</Quantity>
        </IRP_Roadef_Challenge_Operation_>
        <IRP_Roadef_Challenge_Operation_>
          <point>53</point>
          <arrival>2800</arrival>
          <Quantity>2118.5000000000009</Quantity>
        </IRP_Roadef_Challenge_Operation_>
        <IRP_Roadef_Challenge_Operation_>
          <point>5</point>
          <arrival>2906</arrival>
          <Quantity>453.534999084462</Quantity>
        </IRP_Roadef_Challenge_Operation_>
        <IRP_Roadef_Challenge_Operation_>
          <point>31</point>
          <arrival>2952</arrival>
          <Quantity>12708.781262359626</Quantity>
        </IRP_Roadef_Challenge_Operation_>
        <IRP_Roadef_Challenge_Operation_>
          <point>35</point>
          <arrival>3019</arrival>
          <Quantity>5144.0136379241922</Quantity>
        </IRP_Roadef_Challenge_Operation_>
        <IRP_Roadef_Challenge_Operation_>
          <point>34</point>
          <arrival>3075</arrival>
          <Quantity>426.44544122314221</Quantity>
        </IRP_Roadef_Challenge_Operation_>
        <IRP_Roadef_Challenge_Operation_>
          <point>43</point>
          <arrival>3184</arrival>
          <Quantity>829.59999999999968</Quantity>
        </IRP_Roadef_Challenge_Operation_>
        <IRP_Roadef_Challenge_Operation_>
          <point>1</point>
          <arrival>3246</arrival>
          <Quantity>-21680.875340591421</Quantity>
        </IRP_Roadef_Challenge_Operation_>
      </operations>
    </IRP_Roadef_Challenge_Shift_>
    <IRP_Roadef_Challenge_Shift_>
      <index>2</index>
      <driver>0</driver>
      <trailer>0</trailer>
      <start>3960</start>
      <operations>
        <IRP_Roadef_Challenge_Operation_>
          <point>17</point>
          <arrival>4032</arrival>
          <Quantity>827.50000000000114</Quantity>
        </IRP_Roadef_Challenge_Operation_>
        <IRP_Roadef_Challenge_Operation_>
          <point>12</point>
          <arrival>4081</arrival>
          <Quantity>2573.2000000000062</Quantity>
        </IRP_Roadef_Challenge_Operation_>
        <IRP_Roadef_Challenge_Operation_>
          <point>29</point>
          <arrival>4135</arrival>
          <Quantity>4099.1000000000131</Quantity>
        </IRP_Roadef_Challenge_Operation_>
        <IRP_Roadef_Challenge_Operation_>
          <point>48</point>
          <arrival>4282</arrival>
          <Quantity>774.91329467773448</Quantity>
        </IRP_Roadef_Challenge_Operation_>
      </operations>
    </IRP_Roadef_Challenge_Shift_>
    <IRP_Roadef_Challenge_Shift_>
      <index>3</index>
      <driver>0</driver>
      <trailer>0</trailer>
      <start>7075</start>
      <operations>
        <IRP_Roadef_Challenge_Operation_>
          <point>35</point>
          <arrival>7170</arrival>
          <Quantity>3778.4999999999809</Quantity>
        </IRP_Roadef_Challenge_Operation_>
        <IRP_Roadef_Challenge_Operation_>
          <point>26</point>
          <arrival>7236</arrival>
          <Quantity>5229.2224800110553</Quantity>
        </IRP_Roadef_Challenge_Operation_>
        <IRP_Roadef_Challenge_Operation_>
          <point>4</point>
          <arrival>7297</arrival>
          <Quantity>4149.1260951995755</Quantity>
        </IRP_Roadef_Challenge_Operation_>
        <IRP_Roadef_Challenge_Operation_>
          <point>8</point>
          <arrival>7351</arrival>
          <Quantity>1171.8000000000338</Quantity>
        </IRP_Roadef_Challenge_Operation_>
      </operations>
    </IRP_Roadef_Challenge_Shift_>
    <IRP_Roadef_Challenge_Shift_>
      <index>4</index>
      <driver>0</driver>
      <trailer>0</trailer>
      <start>8390</start>
      <operations>
        <IRP_Roadef_Challenge_Operation_>
          <point>1</point>
          <arrival>8417</arrival>
          <Quantity>-22603.3618698884</Quantity>
        </IRP_Roadef_Challenge_Operation_>
        <IRP_Roadef_Challenge_Operation_>
          <point>24</point>
          <arrival>8591</arrival>
          <Quantity>647.91145977783276</Quantity>
        </IRP_Roadef_Challenge_Operation_>
        <IRP_Roadef_Challenge_Operation_>
          <point>15</point>
          <arrival>8716</arrival>
          <Quantity>6398.2503231049195</Quantity>
        </IRP_Roadef_Challenge_Operation_>
        <IRP_Roadef_Challenge_Operation_>
          <point>18</point>
          <arrival>8787</arrival>
          <Quantity>949.79999999999973</Quantity>
        </IRP_Roadef_Challenge_Operation_>
        <IRP_Roadef_Challenge_Operation_>
          <point>28</point>
          <arrival>8853</arrival>
          <Quantity>2395.0767666626007</Quantity>
        </IRP_Roadef_Challenge_Operation_>
        <IRP_Roadef_Challenge_Operation_>
          <point>11</point>
          <arrival>8899</arrival>
          <Quantity>1514.0578941345143</Quantity>
        </IRP_Roadef_Challenge_Operation_>
      </operations>
    </IRP_Roadef_Challenge_Shift_>
    <IRP_Roadef_Challenge_Shift_>
      <index>5</index>
      <driver>0</driver>
      <trailer>0</trailer>
      <start>9905</start>
      <operations>
        <IRP_Roadef_Challenge_Operation_>
          <point>1</point>
          <arrival>9932</arrival>
          <Quantity>-11905.096443679866</Quantity>
        </IRP_Roadef_Challenge_Operation_>
        <IRP_Roadef_Challenge_Operation_>
          <point>43</point>
          <arrival>10024</arrival>
          <Quantity>553.19999999999834</Quantity>
        </IRP_Roadef_Challenge_Operation_>
        <IRP_Roadef_Challenge_Operation_>
          <point>14</point>
          <arrival>10130</arrival>
          <Quantity>7070.0035491943418</Quantity>
        </IRP_Roadef_Challenge_Operation_>
        <IRP_Roadef_Challenge_Operation_>
          <point>31</point>
          <arrival>10180</arrival>
          <Quantity>5643.4000000000051</Quantity>
        </IRP_Roadef_Challenge_Operation_>
        <IRP_Roadef_Challenge_Operation_>
          <point>37</point>
          <arrival>10345</arrival>
          <Quantity>9593.3964508056561</Quantity>
        </IRP_Roadef_Challenge_Operation_>
      </operations>
    </IRP_Roadef_Challenge_Shift_>
  </Shifts>
</IRP_Roadef_Challenge_Output>