<?xml version="1.0" encoding="utf-8"?>
<IRP_Roadef_Challenge_Output xmlns:xsi="http://www.w3.org/2001/XMLSchema-instance" xmlns:xsd="http://www.w3.org/2001/XMLSchema">
  <Shifts>
    <IRP_Roadef_Challenge_Shift_>
      <index>0</index>
      <driver>1</driver>
      <trailer>1</trailer>
      <start>420</start>
      <operations>
        <IRP_Roadef_Challenge_Operation_>
          <point>4</point>
          <arrival>575</arrival>
          <Quantity>4791</Quantity>
        </IRP_Roadef_Challenge_Operation_>
        <IRP_Roadef_Challenge_Operation_>
          <point>2</point>
          <arrival>726</arrival>
          <Quantity>18209</Quantity>
        </IRP_Roadef_Challenge_Operation_>
        <IRP_Roadef_Challenge_Operation_>
          <point>1</point>
          <arrival>999</arrival>
          <Quantity>-23000</Quantity>
        </IRP_Roadef_Challenge_Operation_>
        <IRP_Roadef_Challenge_Operation_>
          <point>9</point>
          <arrival>1131</arrival>
          <Quantity>1682</Quantity>
        </IRP_Roadef_Challenge_Operation_>
      </operations>
    </IRP_Roadef_Challenge_Shift_>
    <IRP_Roadef_Challenge_Shift_>
      <index>1</index>
      <driver>0</driver>
      <trailer>0</trailer>
      <start>458</start>
      <operations>
        <IRP_Roadef_Challenge_Operation_>
          <point>3</point>
          <arrival>787</arrival>
          <Quantity>23000</Quantity>
        </IRP_Roadef_Challenge_Operation_>
        <IRP_Roadef_Challenge_Operation_>
          <point>1</point>
          <arrival>1146</arrival>
          <Quantity>-23000</Quantity>
        </IRP_Roadef_Challenge_Operation_>
        <IRP_Roadef_Challenge_Operation_>
          <point>13</point>
          <arrival>1233</arrival>
          <Quantity>9448</Quantity>
        </IRP_Roadef_Challenge_Operation_>
      </operations>
    </IRP_Roadef_Challenge_Shift_>
    <IRP_Roadef_Challenge_Shift_>
      <index>2</index>
      <driver>1</driver>
      <trailer>1</trailer>
      <start>1863</start>
      <operations>
        <IRP_Roadef_Challenge_Operation_>
          <point>6</point>
          <arrival>1937</arrival>
          <Quantity>717</Quantity>
        </IRP_Roadef_Challenge_Operation_>
        <IRP_Roadef_Challenge_Operation_>
          <point>12</point>
          <arrival>2108</arrival>
          <Quantity>20601</Quantity>
        </IRP_Roadef_Challenge_Operation_>
        <IRP_Roadef_Challenge_Operation_>
          <point>1</point>
          <arrival>2300</arrival>
          <Quantity>-23000</Quantity>
        </IRP_Roadef_Challenge_Operation_>
      </operations>
    </IRP_Roadef_Challenge_Shift_>
    <IRP_Roadef_Challenge_Shift_>
      <index>3</index>
      <driver>0</driver>
      <trailer>0</trailer>
      <start>1922</start>
      <operations>
        <IRP_Roadef_Challenge_Operation_>
          <point>1</point>
          <arrival>1922</arrival>
          <Quantity>-9448</Quantity>
        </IRP_Roadef_Challenge_Operation_>
        <IRP_Roadef_Challenge_Operation_>
          <point>1</point>
          <arrival>1952</arrival>
          <Quantity>-0</Quantity>
        </IRP_Roadef_Challenge_Operation_>
        <IRP_Roadef_Challenge_Operation_>
          <point>3</point>
          <arrival>2311</arrival>
          <Quantity>23000</Quantity>
        </IRP_Roadef_Challenge_Operation_>
        <IRP_Roadef_Challenge_Operation_>
          <point>3</point>
          <arrival>2341</arrival>
          <Quantity>0</Quantity>
        </IRP_Roadef_Challenge_Operation_>
        <IRP_Roadef_Challenge_Operation_>
          <point>3</point>
          <arrival>2371</arrival>
          <Quantity>0</Quantity>
        </IRP_Roadef_Challenge_Operation_>
        <IRP_Roadef_Challenge_Operation_>
          <point>1</point>
          <arrival>2730</arrival>
          <Quantity>-23000</Quantity>
        </IRP_Roadef_Challenge_Operation_>
      </operations>
    </IRP_Roadef_Challenge_Shift_>
    <IRP_Roadef_Challenge_Shift_>
      <index>4</index>
      <driver>0</driver>
      <trailer>0</trailer>
      <start>3391</start>
      <operations>
        <IRP_Roadef_Challenge_Operation_>
          <point>11</point>
          <arrival>3699</arrival>
          <Quantity>155</Quantity>
        </IRP_Roadef_Challenge_Operation_>
        <IRP_Roadef_Challenge_Operation_>
          <point>3</point>
          <arrival>3751</arrival>
          <Quantity>22845</Quantity>
        </IRP_Roadef_Challenge_Operation_>
        <IRP_Roadef_Challenge_Operation_>
          <point>1</point>
          <arrival>4110</arrival>
          <Quantity>-23000</Quantity>
        </IRP_Roadef_Challenge_Operation_>
      </operations>
    </IRP_Roadef_Challenge_Shift_>
    <IRP_Roadef_Challenge_Shift_>
      <index>5</index>
      <driver>1</driver>
      <trailer>1</trailer>
      <start>3660</start>
      <operations>
        <IRP_Roadef_Challenge_Operation_>
          <point>5</point>
          <arrival>3832</arrival>
          <Quantity>7200</Quantity>
        </IRP_Roadef_Challenge_Operation_>
      </operations>
    </IRP_Roadef_Challenge_Shift_>
    <IRP_Roadef_Challenge_Shift_>
      <index>6</index>
      <driver>0</driver>
      <trailer>0</trailer>
      <start>4740</start>
      <operations>
        <IRP_Roadef_Challenge_Operation_>
          <point>1</point>
          <arrival>4740</arrival>
          <Quantity>-0</Quantity>
        </IRP_Roadef_Challenge_Operation_>
        <IRP_Roadef_Challenge_Operation_>
          <point>6</point>
          <arrival>4844</arrival>
          <Quantity>4269</Quantity>
        </IRP_Roadef_Challenge_Operation_>
      </operations>
    </IRP_Roadef_Challenge_Shift_>
    <IRP_Roadef_Challenge_Shift_>
      <index>7</index>
      <driver>1</driver>
      <trailer>1</trailer>
      <start>4740</start>
      <operations>
        <IRP_Roadef_Challenge_Operation_>
          <point>11</point>
          <arrival>5048</arrival>
          <Quantity>10486</Quantity>
        </IRP_Roadef_Challenge_Operation_>
        <IRP_Roadef_Challenge_Operation_>
          <point>7</point>
          <arrival>5258</arrival>
          <Quantity>1989</Quantity>
        </IRP_Roadef_Challenge_Operation_>
        <IRP_Roadef_Challenge_Operation_>
          <point>8</point>
          <arrival>5447</arrival>
          <Quantity>3325</Quantity>
        </IRP_Roadef_Challenge_Operation_>
      </operations>
    </IRP_Roadef_Challenge_Shift_>
    <IRP_Roadef_Challenge_Shift_>
      <index>8</index>
      <driver>1</driver>
      <trailer>1</trailer>
      <start>6180</start>
      <operations>
        <IRP_Roadef_Challenge_Operation_>
          <point>1</point>
          <arrival>6180</arrival>
          <Quantity>-23000</Quantity>
        </IRP_Roadef_Challenge_Operation_>
        <IRP_Roadef_Challenge_Operation_>
          <point>3</point>
          <arrival>6539</arrival>
          <Quantity>23000</Quantity>
        </IRP_Roadef_Challenge_Operation_>
        <IRP_Roadef_Challenge_Operation_>
          <point>11</point>
          <arrival>6591</arrival>
          <Quantity>0</Quantity>
        </IRP_Roadef_Challenge_Operation_>
        <IRP_Roadef_Challenge_Operation_>
          <point>1</point>
          <arrival>6929</arrival>
          <Quantity>-23000</Quantity>
        </IRP_Roadef_Challenge_Operation_>
      </operations>
    </IRP_Roadef_Challenge_Shift_>
    <IRP_Roadef_Challenge_Shift_>
      <index>9</index>
      <driver>0</driver>
      <trailer>0</trailer>
      <start>6534</start>
      <operations>
        <IRP_Roadef_Challenge_Operation_>
          <point>1</point>
          <arrival>6534</arrival>
          <Quantity>-4269</Quantity>
        </IRP_Roadef_Challenge_Operation_>
        <IRP_Roadef_Challenge_Operation_>
          <point>2</point>
          <arrival>6807</arrival>
          <Quantity>23000</Quantity>
        </IRP_Roadef_Challenge_Operation_>
      </operations>
    </IRP_Roadef_Challenge_Shift_>
    <IRP_Roadef_Challenge_Shift_>
      <index>10</index>
      <driver>1</driver>
      <trailer>1</trailer>
      <start>7717</start>
      <operations>
        <IRP_Roadef_Challenge_Operation_>
          <point>10</point>
          <arrival>7901</arrival>
          <Quantity>12075</Quantity>
        </IRP_Roadef_Challenge_Operation_>
        <IRP_Roadef_Challenge_Operation_>
          <point>9</point>
          <arrival>8015</arrival>
          <Quantity>2433</Quantity>
        </IRP_Roadef_Challenge_Operation_>
        <IRP_Roadef_Challenge_Operation_>
          <point>6</point>
          <arrival>8205</arrival>
          <Quantity>2112</Quantity>
        </IRP_Roadef_Challenge_Operation_>
        <IRP_Roadef_Challenge_Operation_>
          <point>13</point>
          <arrival>8265</arrival>
          <Quantity>6380</Quantity>
        </IRP_Roadef_Challenge_Operation_>
      </operations>
    </IRP_Roadef_Challenge_Shift_>
    <IRP_Roadef_Challenge_Shift_>
      <index>11</index>
      <driver>0</driver>
      <trailer>0</trailer>
      <start>7878</start>
      <operations>
        <IRP_Roadef_Challenge_Operation_>
          <point>1</point>
          <arrival>7878</arrival>
          <Quantity>-23000</Quantity>
        </IRP_Roadef_Challenge_Operation_>
        <IRP_Roadef_Challenge_Operation_>
          <point>12</point>
          <arrival>8070</arrival>
          <Quantity>14483</Quantity>
        </IRP_Roadef_Challenge_Operation_>
        <IRP_Roadef_Challenge_Operation_>
          <point>4</point>
          <arrival>8335</arrival>
          <Quantity>2955</Quantity>
        </IRP_Roadef_Challenge_Operation_>
      </operations>
    </IRP_Roadef_Challenge_Shift_>
    <IRP_Roadef_Challenge_Shift_>
      <index>12</index>
      <driver>1</driver>
      <trailer>1</trailer>
      <start>9060</start>
      <operations>
        <IRP_Roadef_Challenge_Operation_>
          <point>1</point>
          <arrival>9060</arrival>
          <Quantity>-23000</Quantity>
        </IRP_Roadef_Challenge_Operation_>
        <IRP_Roadef_Challenge_Operation_>
          <point>3</point>
          <arrival>9419</arrival>
          <Quantity>23000</Quantity>
        </IRP_Roadef_Challenge_Operation_>
        <IRP_Roadef_Challenge_Operation_>
          <point>3</point>
          <arrival>9449</arrival>
          <Quantity>0</Quantity>
        </IRP_Roadef_Challenge_Operation_>
      </operations>
    </IRP_Roadef_Challenge_Shift_>
    <IRP_Roadef_Challenge_Shift_>
      <index>13</index>
      <driver>0</driver>
      <trailer>0</trailer>
      <start>9152</start>
      <operations>
        <IRP_Roadef_Challenge_Operation_>
          <point>1</point>
          <arrival>9152</arrival>
          <Quantity>-17438</Quantity>
        </IRP_Roadef_Challenge_Operation_>
        <IRP_Roadef_Challenge_Operation_>
          <point>3</point>
          <arrival>9511</arrival>
          <Quantity>23000</Quantity>
        </IRP_Roadef_Challenge_Operation_>
        <IRP_Roadef_Challenge_Operation_>
          <point>3</point>
          <arrival>9541</arrival>
          <Quantity>0</Quantity>
        </IRP_Roadef_Challenge_Operation_>
        <IRP_Roadef_Challenge_Operation_>
          <point>3</point>
          <arrival>9571</arrival>
          <Quantity>0</Quantity>
        </IRP_Roadef_Challenge_Operation_>
        <IRP_Roadef_Challenge_Operation_>
          <point>3</point>
          <arrival>9601</arrival>
          <Quantity>0</Quantity>
        </IRP_Roadef_Challenge_Operation_>
      </operations>
    </IRP_Roadef_Challenge_Shift_>
    <IRP_Roadef_Challenge_Shift_>
      <index>14</index>
      <driver>0</driver>
      <trailer>0</trailer>
      <start>10860</start>
      <operations>
        <IRP_Roadef_Challenge_Operation_>
          <point>1</point>
          <arrival>10860</arrival>
          <Quantity>-23000</Quantity>
        </IRP_Roadef_Challenge_Operation_>
        <IRP_Roadef_Challenge_Operation_>
          <point>9</point>
          <arrival>10992</arrival>
          <Quantity>2586</Quantity>
        </IRP_Roadef_Challenge_Operation_>
        <IRP_Roadef_Challenge_Operation_>
          <point>1</point>
          <arrival>11124</arrival>
          <Quantity>-2586</Quantity>
        </IRP_Roadef_Challenge_Operation_>
      </operations>
    </IRP_Roadef_Challenge_Shift_>
    <IRP_Roadef_Challenge_Shift_>
      <index>15</index>
      <driver>0</driver>
      <trailer>0</trailer>
      <start>11940</start>
      <operations>
        <IRP_Roadef_Challenge_Operation_>
          <point>2</point>
          <arrival>12183</arrival>
          <Quantity>23000</Quantity>
        </IRP_Roadef_Challenge_Operation_>
        <IRP_Roadef_Challenge_Operation_>
          <point>1</point>
          <arrival>12456</arrival>
          <Quantity>-23000</Quantity>
        </IRP_Roadef_Challenge_Operation_>
      </operations>
    </IRP_Roadef_Challenge_Shift_>
    <IRP_Roadef_Challenge_Shift_>
      <index>16</index>
      <driver>1</driver>
      <trailer>1</trailer>
      <start>12000</start>
      <operations>
        <IRP_Roadef_Challenge_Operation_>
          <point>1</point>
          <arrival>12000</arrival>
          <Quantity>-23000</Quantity>
        </IRP_Roadef_Challenge_Operation_>
        <IRP_Roadef_Challenge_Operation_>
          <point>1</point>
          <arrival>12030</arrival>
          <Quantity>-0</Quantity>
        </IRP_Roadef_Challenge_Operation_>
        <IRP_Roadef_Challenge_Operation_>
          <point>3</point>
          <arrival>12389</arrival>
          <Quantity>23000</Quantity>
        </IRP_Roadef_Challenge_Operation_>
      </operations>
    </IRP_Roadef_Challenge_Shift_>
    <IRP_Roadef_Challenge_Shift_>
      <index>17</index>
      <driver>1</driver>
      <trailer>1</trailer>
      <start>13527</start>
      <operations>
        <IRP_Roadef_Challenge_Operation_>
          <point>1</point>
          <arrival>13527</arrival>
          <Quantity>-23000</Quantity>
        </IRP_Roadef_Challenge_Operation_>
        <IRP_Roadef_Challenge_Operation_>
          <point>7</point>
          <arrival>13700</arrival>
          <Quantity>13543</Quantity>
        </IRP_Roadef_Challenge_Operation_>
        <IRP_Roadef_Challenge_Operation_>
          <point>4</point>
          <arrival>13859</arrival>
          <Quantity>2364</Quantity>
        </IRP_Roadef_Challenge_Operation_>
        <IRP_Roadef_Challenge_Operation_>
          <point>6</point>
          <arrival>14114</arrival>
          <Quantity>4224</Quantity>
        </IRP_Roadef_Challenge_Operation_>
        <IRP_Roadef_Challenge_Operation_>
          <point>8</point>
          <arrival>14182</arrival>
          <Quantity>2028</Quantity>
        </IRP_Roadef_Challenge_Operation_>
        <IRP_Roadef_Challenge_Operation_>
          <point>1</point>
          <arrival>14248</arrival>
          <Quantity>-22159</Quantity>
        </IRP_Roadef_Challenge_Operation_>
      </operations>
    </IRP_Roadef_Challenge_Shift_>
    <IRP_Roadef_Challenge_Shift_>
      <index>18</index>
      <driver>0</driver>
      <trailer>0</trailer>
      <start>13532</start>
      <operations>
        <IRP_Roadef_Challenge_Operation_>
          <point>3</point>
          <arrival>13861</arrival>
          <Quantity>23000</Quantity>
        </IRP_Roadef_Challenge_Operation_>
      </operations>
    </IRP_Roadef_Challenge_Shift_>
    <IRP_Roadef_Challenge_Shift_>
      <index>19</index>
      <driver>0</driver>
      <trailer>0</trailer>
      <start>14820</start>
      <operations>
        <IRP_Roadef_Challenge_Operation_>
          <point>1</point>
          <arrival>14820</arrival>
          <Quantity>-23000</Quantity>
        </IRP_Roadef_Challenge_Operation_>
        <IRP_Roadef_Challenge_Operation_>
          <point>3</point>
          <arrival>15179</arrival>
          <Quantity>23000</Quantity>
        </IRP_Roadef_Challenge_Operation_>
        <IRP_Roadef_Challenge_Operation_>
          <point>3</point>
          <arrival>15209</arrival>
          <Quantity>0</Quantity>
        </IRP_Roadef_Challenge_Operation_>
        <IRP_Roadef_Challenge_Operation_>
          <point>3</point>
          <arrival>15239</arrival>
          <Quantity>0</Quantity>
        </IRP_Roadef_Challenge_Operation_>
        <IRP_Roadef_Challenge_Operation_>
          <point>3</point>
          <arrival>15269</arrival>
          <Quantity>0</Quantity>
        </IRP_Roadef_Challenge_Operation_>
      </operations>
    </IRP_Roadef_Challenge_Shift_>
    <IRP_Roadef_Challenge_Shift_>
      <index>20</index>
      <driver>1</driver>
      <trailer>1</trailer>
      <start>15002</start>
      <operations>
        <IRP_Roadef_Challenge_Operation_>
          <point>3</point>
          <arrival>15331</arrival>
          <Quantity>23000</Quantity>
        </IRP_Roadef_Challenge_Operation_>
        <IRP_Roadef_Challenge_Operation_>
          <point>1</point>
          <arrival>15690</arrival>
          <Quantity>-23000</Quantity>
        </IRP_Roadef_Challenge_Operation_>
      </operations>
    </IRP_Roadef_Challenge_Shift_>
    <IRP_Roadef_Challenge_Shift_>
      <index>21</index>
      <driver>0</driver>
      <trailer>0</trailer>
      <start>16260</start>
      <operations>
        <IRP_Roadef_Challenge_Operation_>
          <point>1</point>
          <arrival>16260</arrival>
          <Quantity>-23000</Quantity>
        </IRP_Roadef_Challenge_Operation_>
        <IRP_Roadef_Challenge_Operation_>
          <point>12</point>
          <arrival>16452</arrival>
          <Quantity>8782</Quantity>
        </IRP_Roadef_Challenge_Operation_>
        <IRP_Roadef_Challenge_Operation_>
          <point>3</point>
          <arrival>16775</arrival>
          <Quantity>14218</Quantity>
        </IRP_Roadef_Challenge_Operation_>
      </operations>
    </IRP_Roadef_Challenge_Shift_>
    <IRP_Roadef_Challenge_Shift_>
      <index>22</index>
      <driver>1</driver>
      <trailer>1</trailer>
      <start>16320</start>
      <operations>
        <IRP_Roadef_Challenge_Operation_>
          <point>2</point>
          <arrival>16563</arrival>
          <Quantity>23000</Quantity>
        </IRP_Roadef_Challenge_Operation_>
      </operations>
    </IRP_Roadef_Challenge_Shift_>
    <IRP_Roadef_Challenge_Shift_>
      <index>23</index>
      <driver>0</driver>
      <trailer>0</trailer>
      <start>17734</start>
      <operations>
        <IRP_Roadef_Challenge_Operation_>
          <point>1</point>
          <arrival>17734</arrival>
          <Quantity>-23000</Quantity>
        </IRP_Roadef_Challenge_Operation_>
        <IRP_Roadef_Challenge_Operation_>
          <point>11</point>
          <arrival>18072</arrival>
          <Quantity>9369</Quantity>
        </IRP_Roadef_Challenge_Operation_>
        <IRP_Roadef_Challenge_Operation_>
          <point>3</point>
          <arrival>18124</arrival>
          <Quantity>13631</Quantity>
        </IRP_Roadef_Challenge_Operation_>
      </operations>
    </IRP_Roadef_Challenge_Shift_>
    <IRP_Roadef_Challenge_Shift_>
      <index>24</index>
      <driver>1</driver>
      <trailer>1</trailer>
      <start>17988</start>
      <operations>
        <IRP_Roadef_Challenge_Operation_>
          <point>1</point>
          <arrival>17988</arrival>
          <Quantity>-23000</Quantity>
        </IRP_Roadef_Challenge_Operation_>
        <IRP_Roadef_Challenge_Operation_>
          <point>6</point>
          <arrival>18092</arrival>
          <Quantity>3168</Quantity>
        </IRP_Roadef_Challenge_Operation_>
      </operations>
    </IRP_Roadef_Challenge_Shift_>
    <IRP_Roadef_Challenge_Shift_>
      <index>25</index>
      <driver>1</driver>
      <trailer>1</trailer>
      <start>19290</start>
      <operations>
        <IRP_Roadef_Challenge_Operation_>
          <point>1</point>
          <arrival>19290</arrival>
          <Quantity>-3168</Quantity>
        </IRP_Roadef_Challenge_Operation_>
        <IRP_Roadef_Challenge_Operation_>
          <point>1</point>
          <arrival>19320</arrival>
          <Quantity>-0</Quantity>
        </IRP_Roadef_Challenge_Operation_>
        <IRP_Roadef_Challenge_Operation_>
          <point>13</point>
          <arrival>19407</arrival>
          <Quantity>10208</Quantity>
        </IRP_Roadef_Challenge_Operation_>
        <IRP_Roadef_Challenge_Operation_>
          <point>1</point>
          <arrival>19494</arrival>
          <Quantity>-10208</Quantity>
        </IRP_Roadef_Challenge_Operation_>
        <IRP_Roadef_Challenge_Operation_>
          <point>2</point>
          <arrival>19767</arrival>
          <Quantity>20831</Quantity>
        </IRP_Roadef_Challenge_Operation_>
      </operations>
    </IRP_Roadef_Challenge_Shift_>
    <IRP_Roadef_Challenge_Shift_>
      <index>26</index>
      <driver>0</driver>
      <trailer>0</trailer>
      <start>19500</start>
      <operations>
        <IRP_Roadef_Challenge_Operation_>
          <point>1</point>
          <arrival>19500</arrival>
          <Quantity>-23000</Quantity>
        </IRP_Roadef_Challenge_Operation_>
        <IRP_Roadef_Challenge_Operation_>
          <point>9</point>
          <arrival>19632</arrival>
          <Quantity>4302</Quantity>
        </IRP_Roadef_Challenge_Operation_>
      </operations>
    </IRP_Roadef_Challenge_Shift_>
    <IRP_Roadef_Challenge_Shift_>
      <index>27</index>
      <driver>1</driver>
      <trailer>1</trailer>
      <start>20762</start>
      <operations>
        <IRP_Roadef_Challenge_Operation_>
          <point>3</point>
          <arrival>21091</arrival>
          <Quantity>2169</Quantity>
        </IRP_Roadef_Challenge_Operation_>
        <IRP_Roadef_Challenge_Operation_>
          <point>1</point>
          <arrival>21450</arrival>
          <Quantity>-23000</Quantity>
        </IRP_Roadef_Challenge_Operation_>
      </operations>
    </IRP_Roadef_Challenge_Shift_>
    <IRP_Roadef_Challenge_Shift_>
      <index>28</index>
      <driver>0</driver>
      <trailer>0</trailer>
      <start>20762</start>
      <operations>
        <IRP_Roadef_Challenge_Operation_>
          <point>3</point>
          <arrival>21091</arrival>
          <Quantity>18698</Quantity>
        </IRP_Roadef_Challenge_Operation_>
        <IRP_Roadef_Challenge_Operation_>
          <point>3</point>
          <arrival>21121</arrival>
          <Quantity>0</Quantity>
        </IRP_Roadef_Challenge_Operation_>
      </operations>
    </IRP_Roadef_Challenge_Shift_>
    <IRP_Roadef_Challenge_Shift_>
      <index>29</index>
      <driver>1</driver>
      <trailer>1</trailer>
      <start>22202</start>
      <operations>
        <IRP_Roadef_Challenge_Operation_>
          <point>3</point>
          <arrival>22531</arrival>
          <Quantity>23000</Quantity>
        </IRP_Roadef_Challenge_Operation_>
        <IRP_Roadef_Challenge_Operation_>
          <point>1</point>
          <arrival>22890</arrival>
          <Quantity>-23000</Quantity>
        </IRP_Roadef_Challenge_Operation_>
      </operations>
    </IRP_Roadef_Challenge_Shift_>
    <IRP_Roadef_Challenge_Shift_>
      <index>30</index>
      <driver>0</driver>
      <trailer>0</trailer>
      <start>22380</start>
      <operations>
        <IRP_Roadef_Challenge_Operation_>
          <point>1</point>
          <arrival>22380</arrival>
          <Quantity>-23000</Quantity>
        </IRP_Roadef_Challenge_Operation_>
        <IRP_Roadef_Challenge_Operation_>
          <point>9</point>
          <arrival>22512</arrival>
          <Quantity>1434</Quantity>
        </IRP_Roadef_Challenge_Operation_>
      </operations>
    </IRP_Roadef_Challenge_Shift_>
    <IRP_Roadef_Challenge_Shift_>
      <index>31</index>
      <driver>1</driver>
      <trailer>1</trailer>
      <start>23520</start>
      <operations>
        <IRP_Roadef_Challenge_Operation_>
          <point>6</point>
          <arrival>23594</arrival>
          <Quantity>4224</Quantity>
        </IRP_Roadef_Challenge_Operation_>
      </operations>
    </IRP_Roadef_Challenge_Shift_>
    <IRP_Roadef_Challenge_Shift_>
      <index>32</index>
      <driver>0</driver>
      <trailer>0</trailer>
      <start>23552</start>
      <operations>
        <IRP_Roadef_Challenge_Operation_>
          <point>1</point>
          <arrival>23552</arrival>
          <Quantity>-1434</Quantity>
        </IRP_Roadef_Challenge_Operation_>
        <IRP_Roadef_Challenge_Operation_>
          <point>3</point>
          <arrival>23911</arrival>
          <Quantity>23000</Quantity>
        </IRP_Roadef_Challenge_Operation_>
        <IRP_Roadef_Challenge_Operation_>
          <point>1</point>
          <arrival>24270</arrival>
          <Quantity>-23000</Quantity>
        </IRP_Roadef_Challenge_Operation_>
      </operations>
    </IRP_Roadef_Challenge_Shift_>
    <IRP_Roadef_Challenge_Shift_>
      <index>33</index>
      <driver>1</driver>
      <trailer>1</trailer>
      <start>24900</start>
      <operations>
        <IRP_Roadef_Challenge_Operation_>
          <point>4</point>
          <arrival>25055</arrival>
          <Quantity>4728</Quantity>
        </IRP_Roadef_Challenge_Operation_>
      </operations>
    </IRP_Roadef_Challenge_Shift_>
    <IRP_Roadef_Challenge_Shift_>
      <index>34</index>
      <driver>0</driver>
      <trailer>0</trailer>
      <start>25224</start>
      <operations>
        <IRP_Roadef_Challenge_Operation_>
          <point>2</point>
          <arrival>25467</arrival>
          <Quantity>21440</Quantity>
        </IRP_Roadef_Challenge_Operation_>
      </operations>
    </IRP_Roadef_Challenge_Shift_>
    <IRP_Roadef_Challenge_Shift_>
      <index>35</index>
      <driver>0</driver>
      <trailer>0</trailer>
      <start>26340</start>
      <operations>
        <IRP_Roadef_Challenge_Operation_>
          <point>1</point>
          <arrival>26340</arrival>
          <Quantity>-21440</Quantity>
        </IRP_Roadef_Challenge_Operation_>
        <IRP_Roadef_Challenge_Operation_>
          <point>11</point>
          <arrival>26678</arrival>
          <Quantity>6246</Quantity>
        </IRP_Roadef_Challenge_Operation_>
        <IRP_Roadef_Challenge_Operation_>
          <point>1</point>
          <arrival>27016</arrival>
          <Quantity>-6246</Quantity>
        </IRP_Roadef_Challenge_Operation_>
      </operations>
    </IRP_Roadef_Challenge_Shift_>
    <IRP_Roadef_Challenge_Shift_>
      <index>36</index>
      <driver>1</driver>
      <trailer>1</trailer>
      <start>26370</start>
      <operations>
        <IRP_Roadef_Challenge_Operation_>
          <point>1</point>
          <arrival>26370</arrival>
          <Quantity>-8952</Quantity>
        </IRP_Roadef_Challenge_Operation_>
        <IRP_Roadef_Challenge_Operation_>
          <point>13</point>
          <arrival>26457</arrival>
          <Quantity>6380</Quantity>
        </IRP_Roadef_Challenge_Operation_>
        <IRP_Roadef_Challenge_Operation_>
          <point>1</point>
          <arrival>26544</arrival>
          <Quantity>-6380</Quantity>
        </IRP_Roadef_Challenge_Operation_>
        <IRP_Roadef_Challenge_Operation_>
          <point>12</point>
          <arrival>26736</arrival>
          <Quantity>23000</Quantity>
        </IRP_Roadef_Challenge_Operation_>
      </operations>
    </IRP_Roadef_Challenge_Shift_>
    <IRP_Roadef_Challenge_Shift_>
      <index>37</index>
      <driver>1</driver>
      <trailer>1</trailer>
      <start>27780</start>
      <operations>
        <IRP_Roadef_Challenge_Operation_>
          <point>1</point>
          <arrival>27780</arrival>
          <Quantity>-23000</Quantity>
        </IRP_Roadef_Challenge_Operation_>
      </operations>
    </IRP_Roadef_Challenge_Shift_>
    <IRP_Roadef_Challenge_Shift_>
      <index>38</index>
      <driver>0</driver>
      <trailer>0</trailer>
      <start>27800</start>
      <operations>
        <IRP_Roadef_Challenge_Operation_>
          <point>6</point>
          <arrival>27874</arrival>
          <Quantity>3168</Quantity>
        </IRP_Roadef_Challenge_Operation_>
        <IRP_Roadef_Challenge_Operation_>
          <point>9</point>
          <arrival>28064</arrival>
          <Quantity>2370</Quantity>
        </IRP_Roadef_Challenge_Operation_>
        <IRP_Roadef_Challenge_Operation_>
          <point>3</point>
          <arrival>28321</arrival>
          <Quantity>17462</Quantity>
        </IRP_Roadef_Challenge_Operation_>
      </operations>
    </IRP_Roadef_Challenge_Shift_>
    <IRP_Roadef_Challenge_Shift_>
      <index>39</index>
      <driver>1</driver>
      <trailer>1</trailer>
      <start>29220</start>
      <operations>
        <IRP_Roadef_Challenge_Operation_>
          <point>5</point>
          <arrival>29392</arrival>
          <Quantity>0</Quantity>
        </IRP_Roadef_Challenge_Operation_>
        <IRP_Roadef_Challenge_Operation_>
          <point>3</point>
          <arrival>29659</arrival>
          <Quantity>23000</Quantity>
        </IRP_Roadef_Challenge_Operation_>
      </operations>
    </IRP_Roadef_Challenge_Shift_>
    <IRP_Roadef_Challenge_Shift_>
      <index>40</index>
      <driver>0</driver>
      <trailer>0</trailer>
      <start>29296</start>
      <operations>
        <IRP_Roadef_Challenge_Operation_>
          <point>1</point>
          <arrival>29296</arrival>
          <Quantity>-23000</Quantity>
        </IRP_Roadef_Challenge_Operation_>
        <IRP_Roadef_Challenge_Operation_>
          <point>9</point>
          <arrival>29428</arrival>
          <Quantity>1215</Quantity>
        </IRP_Roadef_Challenge_Operation_>
      </operations>
    </IRP_Roadef_Challenge_Shift_>
    <IRP_Roadef_Challenge_Shift_>
      <index>41</index>
      <driver>1</driver>
      <trailer>1</trailer>
      <start>30660</start>
      <operations>
        <IRP_Roadef_Challenge_Operation_>
          <point>1</point>
          <arrival>30660</arrival>
          <Quantity>-23000</Quantity>
        </IRP_Roadef_Challenge_Operation_>
        <IRP_Roadef_Challenge_Operation_>
          <point>12</point>
          <arrival>30852</arrival>
          <Quantity>16442</Quantity>
        </IRP_Roadef_Challenge_Operation_>
        <IRP_Roadef_Challenge_Operation_>
          <point>9</point>
          <arrival>31039</arrival>
          <Quantity>717</Quantity>
        </IRP_Roadef_Challenge_Operation_>
      </operations>
    </IRP_Roadef_Challenge_Shift_>
    <IRP_Roadef_Challenge_Shift_>
      <index>42</index>
      <driver>0</driver>
      <trailer>0</trailer>
      <start>30721</start>
      <operations>
        <IRP_Roadef_Challenge_Operation_>
          <point>2</point>
          <arrival>30964</arrival>
          <Quantity>21440</Quantity>
        </IRP_Roadef_Challenge_Operation_>
        <IRP_Roadef_Challenge_Operation_>
          <point>1</point>
          <arrival>31237</arrival>
          <Quantity>-22655</Quantity>
        </IRP_Roadef_Challenge_Operation_>
      </operations>
    </IRP_Roadef_Challenge_Shift_>
    <IRP_Roadef_Challenge_Shift_>
      <index>43</index>
      <driver>0</driver>
      <trailer>0</trailer>
      <start>32460</start>
      <operations>
        <IRP_Roadef_Challenge_Operation_>
          <point>6</point>
          <arrival>32534</arrival>
          <Quantity>3168</Quantity>
        </IRP_Roadef_Challenge_Operation_>
      </operations>
    </IRP_Roadef_Challenge_Shift_>
    <IRP_Roadef_Challenge_Shift_>
      <index>44</index>
      <driver>1</driver>
      <trailer>1</trailer>
      <start>33692</start>
      <operations>
        <IRP_Roadef_Challenge_Operation_>
          <point>1</point>
          <arrival>33692</arrival>
          <Quantity>-17159</Quantity>
        </IRP_Roadef_Challenge_Operation_>
        <IRP_Roadef_Challenge_Operation_>
          <point>1</point>
          <arrival>33722</arrival>
          <Quantity>-0</Quantity>
        </IRP_Roadef_Challenge_Operation_>
        <IRP_Roadef_Challenge_Operation_>
          <point>3</point>
          <arrival>34081</arrival>
          <Quantity>23000</Quantity>
        </IRP_Roadef_Challenge_Operation_>
      </operations>
    </IRP_Roadef_Challenge_Shift_>
    <IRP_Roadef_Challenge_Shift_>
      <index>45</index>
      <driver>1</driver>
      <trailer>1</trailer>
      <start>35090</start>
      <operations>
        <IRP_Roadef_Challenge_Operation_>
          <point>1</point>
          <arrival>35090</arrival>
          <Quantity>-23000</Quantity>
        </IRP_Roadef_Challenge_Operation_>
        <IRP_Roadef_Challenge_Operation_>
          <point>3</point>
          <arrival>35449</arrival>
          <Quantity>20117</Quantity>
        </IRP_Roadef_Challenge_Operation_>
        <IRP_Roadef_Challenge_Operation_>
          <point>4</point>
          <arrival>35695</arrival>
          <Quantity>2883</Quantity>
        </IRP_Roadef_Challenge_Operation_>
      </operations>
    </IRP_Roadef_Challenge_Shift_>
    <IRP_Roadef_Challenge_Shift_>
      <index>46</index>
      <driver>0</driver>
      <trailer>0</trailer>
      <start>35131</start>
      <operations>
        <IRP_Roadef_Challenge_Operation_>
          <point>11</point>
          <arrival>35439</arrival>
          <Quantity>0</Quantity>
        </IRP_Roadef_Challenge_Operation_>
        <IRP_Roadef_Challenge_Operation_>
          <point>3</point>
          <arrival>35491</arrival>
          <Quantity>19832</Quantity>
        </IRP_Roadef_Challenge_Operation_>
        <IRP_Roadef_Challenge_Operation_>
          <point>9</point>
          <arrival>35748</arrival>
          <Quantity>0</Quantity>
        </IRP_Roadef_Challenge_Operation_>
      </operations>
    </IRP_Roadef_Challenge_Shift_>
    <IRP_Roadef_Challenge_Shift_>
      <index>47</index>
      <driver>0</driver>
      <trailer>0</trailer>
      <start>36480</start>
      <operations>
        <IRP_Roadef_Challenge_Operation_>
          <point>1</point>
          <arrival>36480</arrival>
          <Quantity>-23000</Quantity>
        </IRP_Roadef_Challenge_Operation_>
      </operations>
    </IRP_Roadef_Challenge_Shift_>
    <IRP_Roadef_Challenge_Shift_>
      <index>48</index>
      <driver>1</driver>
      <trailer>1</trailer>
      <start>36614</start>
      <operations>
        <IRP_Roadef_Challenge_Operation_>
          <point>1</point>
          <arrival>36614</arrival>
          <Quantity>-23000</Quantity>
        </IRP_Roadef_Challenge_Operation_>
        <IRP_Roadef_Challenge_Operation_>
          <point>11</point>
          <arrival>36952</arrival>
          <Quantity>7287</Quantity>
        </IRP_Roadef_Challenge_Operation_>
        <IRP_Roadef_Challenge_Operation_>
          <point>1</point>
          <arrival>37290</arrival>
          <Quantity>-7287</Quantity>
        </IRP_Roadef_Challenge_Operation_>
      </operations>
    </IRP_Roadef_Challenge_Shift_>
    <IRP_Roadef_Challenge_Shift_>
      <index>49</index>
      <driver>0</driver>
      <trailer>0</trailer>
      <start>37920</start>
      <operations>
        <IRP_Roadef_Challenge_Operation_>
          <point>3</point>
          <arrival>38249</arrival>
          <Quantity>19352</Quantity>
        </IRP_Roadef_Challenge_Operation_>
        <IRP_Roadef_Challenge_Operation_>
          <point>6</point>
          <arrival>38655</arrival>
          <Quantity>3648</Quantity>
        </IRP_Roadef_Challenge_Operation_>
      </operations>
    </IRP_Roadef_Challenge_Shift_>
    <IRP_Roadef_Challenge_Shift_>
      <index>50</index>
      <driver>1</driver>
      <trailer>1</trailer>
      <start>38220</start>
      <operations>
        <IRP_Roadef_Challenge_Operation_>
          <point>9</point>
          <arrival>38322</arrival>
          <Quantity>3585</Quantity>
        </IRP_Roadef_Challenge_Operation_>
      </operations>
    </IRP_Roadef_Challenge_Shift_>
    <IRP_Roadef_Challenge_Shift_>
      <index>51</index>
      <driver>1</driver>
      <trailer>1</trailer>
      <start>39300</start>
      <operations>
        <IRP_Roadef_Challenge_Operation_>
          <point>3</point>
          <arrival>39629</arrival>
          <Quantity>12775</Quantity>
        </IRP_Roadef_Challenge_Operation_>
        <IRP_Roadef_Challenge_Operation_>
          <point>3</point>
          <arrival>39659</arrival>
          <Quantity>0</Quantity>
        </IRP_Roadef_Challenge_Operation_>
        <IRP_Roadef_Challenge_Operation_>
          <point>2</point>
          <arrival>39784</arrival>
          <Quantity>6640</Quantity>
        </IRP_Roadef_Challenge_Operation_>
      </operations>
    </IRP_Roadef_Challenge_Shift_>
    <IRP_Roadef_Challenge_Shift_>
      <index>52</index>
      <driver>0</driver>
      <trailer>0</trailer>
      <start>39359</start>
      <operations>
        <IRP_Roadef_Challenge_Operation_>
          <point>1</point>
          <arrival>39359</arrival>
          <Quantity>-23000</Quantity>
        </IRP_Roadef_Challenge_Operation_>
        <IRP_Roadef_Challenge_Operation_>
          <point>13</point>
          <arrival>39446</arrival>
          <Quantity>11484</Quantity>
        </IRP_Roadef_Challenge_Operation_>
      </operations>
    </IRP_Roadef_Challenge_Shift_>
    <IRP_Roadef_Challenge_Shift_>
      <index>53</index>
      <driver>0</driver>
      <trailer>0</trailer>
      <start>40740</start>
      <operations>
        <IRP_Roadef_Challenge_Operation_>
          <point>1</point>
          <arrival>40740</arrival>
          <Quantity>-11484</Quantity>
        </IRP_Roadef_Challenge_Operation_>
        <IRP_Roadef_Challenge_Operation_>
          <point>3</point>
          <arrival>41099</arrival>
          <Quantity>23000</Quantity>
        </IRP_Roadef_Challenge_Operation_>
      </operations>
    </IRP_Roadef_Challenge_Shift_>
    <IRP_Roadef_Challenge_Shift_>
      <index>54</index>
      <driver>1</driver>
      <trailer>1</trailer>
      <start>40964</start>
      <operations>
        <IRP_Roadef_Challenge_Operation_>
          <point>10</point>
          <arrival>41148</arrival>
          <Quantity>0</Quantity>
        </IRP_Roadef_Challenge_Operation_>
        <IRP_Roadef_Challenge_Operation_>
          <point>1</point>
          <arrival>41362</arrival>
          <Quantity>-23000</Quantity>
        </IRP_Roadef_Challenge_Operation_>
      </operations>
    </IRP_Roadef_Challenge_Shift_>
    <IRP_Roadef_Challenge_Shift_>
      <index>55</index>
      <driver>1</driver>
      <trailer>1</trailer>
      <start>42240</start>
      <operations>
        <IRP_Roadef_Challenge_Operation_>
          <point>5</point>
          <arrival>42412</arrival>
          <Quantity>616</Quantity>
        </IRP_Roadef_Challenge_Operation_>
      </operations>
    </IRP_Roadef_Challenge_Shift_>
    <IRP_Roadef_Challenge_Shift_>
      <index>56</index>
      <driver>0</driver>
      <trailer>0</trailer>
      <start>42540</start>
      <operations>
        <IRP_Roadef_Challenge_Operation_>
          <point>1</point>
          <arrival>42540</arrival>
          <Quantity>-23000</Quantity>
        </IRP_Roadef_Challenge_Operation_>
      </operations>
    </IRP_Roadef_Challenge_Shift_>
  </Shifts>
</IRP_Roadef_Challenge_Output>